[
  {
    "slug": "how-to-download-youtube-videos-in-hd",
    "title": "How to Download YouTube Videos in HD on Any Device",
    "metaTitle": "How to Download YouTube Videos in HD (2025 Guide)",
    "metaDescription": "Learn the safest and fastest way to download YouTube videos in HD quality (1080p, 4K) on any device. Use our free tool for MP4 and MP3 conversion.",
    "date": "July 23, 2025",
    "excerpt": "Learn the safest and fastest ways to download YouTube videos using our tool. No viruses, no popups! This guide covers downloading in HD on any device.",
    "tags": ["YouTube", "Guide", "HD Download"],
    "content": "<h2>Why Download YouTube Videos?</h2><p>Downloading YouTube videos allows you to watch them offline, which is perfect for travel or areas with poor internet. It also helps you avoid ads and create your own personal video library.</p><h3>Step 1: Find Your Video</h3><p>Go to YouTube and find the video you want to download. Copy the URL from your browser's address bar.</p><h3>Step 2: Use Our Tool</h3><p>Navigate to our <a href='/youtube-downloader' class='text-red-400 hover:underline'>YouTube Video Downloader</a> page. Paste the link into the input field and click 'Download'.</p><h3>Step 3: Choose Your Format</h3><p>Our tool will present you with several download options, including different resolutions (like 1080p, 720p) and audio-only formats (MP3). Choose the one that best suits your needs and click to start the download. It's that simple!</p>"
  },
  {
    "slug": "terabox-video-link-fix",
    "title": "TeraBox Video Links Not Working? Here’s the Fix",
    "metaTitle": "Fix TeraBox Video Download Links Not Working (2025)",
    "metaDescription": "Having trouble with TeraBox, Mdisk, or Pdisk video links? This guide explains common issues and how to use our tool to fix and download them instantly.",
    "date": "July 21, 2025",
    "excerpt": "Terabox is a cloud platform that lets users store and share videos. If your links aren't working, here's how to download any video link instantly.",
    "tags": ["TeraBox", "Troubleshooting", "Fix"],
    "content": "<h2>Common TeraBox Link Issues</h2><p>TeraBox and similar services often use temporary tokens or redirects that can expire, causing links to fail. Our tool is designed to overcome these issues by fetching a fresh, direct download link for you.</p><h3>How Our Tool Solves It</h3><p>When you paste a TeraBox link into our <a href='/terabox-downloader' class='text-red-400 hover:underline'>TeraBox Downloader</a>, our backend system intelligently follows the redirects and extracts the real video file URL. This ensures you always get a working link.</p>"
  },
  {
    "slug": "best-facebook-video-downloader-2025",
    "title": "Best Facebook Video Downloader 2025 Edition",
    "metaTitle": "The Best Facebook Video Downloader of 2025",
    "metaDescription": "Looking for the best way to download Facebook videos in 2025? Our free tool offers fast, high-quality downloads without watermarks or required logins.",
    "date": "July 15, 2025",
    "excerpt": "Discover the best tool for downloading Facebook videos in 2025. Our downloader is fast, free, and handles both public and private videos with ease.",
    "tags": ["Facebook", "Review", "Tools"],
    "content": "<h2>What Makes a Great Facebook Downloader?</h2><p>A great tool should be fast, free, and secure. It needs to handle different types of Facebook videos, including public posts, videos from groups, and even private videos (with the right permissions).</p><h3>Why Choose Us?</h3><p>Our <a href='/facebook-downloader' class='text-red-400 hover:underline'>Facebook Video Downloader</a> is built for simplicity and power. It provides direct download links in high quality without any watermarks. Just paste the link and you're ready to go!</p>"
  }
]